[{"model": "admin.logentry", "pk": 1, "fields": {"action_time": "2025-08-19T19:02:54.560Z", "user": 1, "content_type": 12, "object_id": "1", "object_repr": "samuel0", "action_flag": 1, "change_message": "[{\"added\": {}}]"}}, {"model": "admin.logentry", "pk": 2, "fields": {"action_time": "2025-08-19T20:17:16.370Z", "user": 1, "content_type": 10, "object_id": "1", "object_repr": "Naruto", "action_flag": 1, "change_message": "[{\"added\": {}}]"}}, {"model": "admin.logentry", "pk": 3, "fields": {"action_time": "2025-08-19T20:17:30.125Z", "user": 1, "content_type": 10, "object_id": "2", "object_repr": "One piece", "action_flag": 1, "change_message": "[{\"added\": {}}]"}}, {"model": "admin.logentry", "pk": 4, "fields": {"action_time": "2025-08-19T20:19:14.070Z", "user": 1, "content_type": 7, "object_id": "1", "object_repr": "samuel0 -> Naruto -> F", "action_flag": 1, "change_message": "[{\"added\": {}}]"}}, {"model": "admin.logentry", "pk": 5, "fields": {"action_time": "2025-08-19T20:19:58.513Z", "user": 1, "content_type": 7, "object_id": "2", "object_repr": "samuel0 -> Naruto -> F", "action_flag": 1, "change_message": "[{\"added\": {}}]"}}, {"model": "admin.logentry", "pk": 6, "fields": {"action_time": "2025-08-20T17:11:42.527Z", "user": 1, "content_type": 7, "object_id": "3", "object_repr": "samuel1 -> One piece -> D", "action_flag": 1, "change_message": "[{\"added\": {}}]"}}, {"model": "admin.logentry", "pk": 7, "fields": {"action_time": "2025-08-20T17:16:17.743Z", "user": 1, "content_type": 8, "object_id": "1", "object_repr": "1 - Qual o nome do navio principal dos Chap\u00daus de Palha ap\u00bes o Going Merry?", "action_flag": 1, "change_message": "[{\"added\": {}}]"}}, {"model": "admin.logentry", "pk": 8, "fields": {"action_time": "2025-08-20T17:16:54.275Z", "user": 1, "content_type": 8, "object_id": "2", "object_repr": "2 - Quem foi o primeiro membro a se juntar \u00d3 tripula\u00fe\u00d2o de Luffy?", "action_flag": 1, "change_message": "[{\"added\": {}}]"}}, {"model": "admin.logentry", "pk": 9, "fields": {"action_time": "2025-08-20T17:17:46.905Z", "user": 1, "content_type": 9, "object_id": "1", "object_repr": "1 - Thousand Sunny", "action_flag": 1, "change_message": "[{\"added\": {}}]"}}, {"model": "admin.logentry", "pk": 10, "fields": {"action_time": "2025-08-20T17:18:09.682Z", "user": 1, "content_type": 9, "object_id": "2", "object_repr": "2 - Oro Jackson", "action_flag": 1, "change_message": "[{\"added\": {}}]"}}, {"model": "admin.logentry", "pk": 11, "fields": {"action_time": "2025-08-20T17:18:21.884Z", "user": 1, "content_type": 9, "object_id": "3", "object_repr": "3 - Red Force", "action_flag": 1, "change_message": "[{\"added\": {}}]"}}, {"model": "admin.logentry", "pk": 12, "fields": {"action_time": "2025-08-20T17:18:35.973Z", "user": 1, "content_type": 9, "object_id": "4", "object_repr": "4 - Zoro", "action_flag": 1, "change_message": "[{\"added\": {}}]"}}, {"model": "admin.logentry", "pk": 13, "fields": {"action_time": "2025-08-20T17:18:49.790Z", "user": 1, "content_type": 9, "object_id": "5", "object_repr": "5 - Sanji", "action_flag": 1, "change_message": "[{\"added\": {}}]"}}, {"model": "admin.logentry", "pk": 14, "fields": {"action_time": "2025-08-20T17:19:08.508Z", "user": 1, "content_type": 9, "object_id": "6", "object_repr": "6 - Usopp", "action_flag": 1, "change_message": "[{\"added\": {}}]"}}, {"model": "admin.logentry", "pk": 15, "fields": {"action_time": "2025-08-21T19:32:25.686Z", "user": 1, "content_type": 11, "object_id": "1", "object_repr": "carta de One piece", "action_flag": 1, "change_message": "[{\"added\": {}}]"}}, {"model": "admin.logentry", "pk": 16, "fields": {"action_time": "2025-08-21T19:32:33.724Z", "user": 1, "content_type": 11, "object_id": "2", "object_repr": "carta de One piece", "action_flag": 1, "change_message": "[{\"added\": {}}]"}}, {"model": "admin.logentry", "pk": 17, "fields": {"action_time": "2025-08-21T19:32:46.643Z", "user": 1, "content_type": 11, "object_id": "3", "object_repr": "carta de One piece", "action_flag": 1, "change_message": "[{\"added\": {}}]"}}, {"model": "admin.logentry", "pk": 18, "fields": {"action_time": "2025-08-21T19:36:30.111Z", "user": 1, "content_type": 11, "object_id": "4", "object_repr": "carta de One piece", "action_flag": 1, "change_message": "[{\"added\": {}}]"}}, {"model": "admin.logentry", "pk": 19, "fields": {"action_time": "2025-08-21T19:36:42.442Z", "user": 1, "content_type": 11, "object_id": "5", "object_repr": "carta de One piece", "action_flag": 1, "change_message": "[{\"added\": {}}]"}}, {"model": "admin.logentry", "pk": 20, "fields": {"action_time": "2025-08-21T19:36:54.905Z", "user": 1, "content_type": 11, "object_id": "6", "object_repr": "carta de One piece", "action_flag": 1, "change_message": "[{\"added\": {}}]"}}, {"model": "admin.logentry", "pk": 21, "fields": {"action_time": "2025-08-21T19:37:01.749Z", "user": 1, "content_type": 11, "object_id": "7", "object_repr": "carta de One piece", "action_flag": 1, "change_message": "[{\"added\": {}}]"}}, {"model": "admin.logentry", "pk": 22, "fields": {"action_time": "2025-08-21T19:37:09.492Z", "user": 1, "content_type": 11, "object_id": "8", "object_repr": "carta de One piece", "action_flag": 1, "change_message": "[{\"added\": {}}]"}}, {"model": "admin.logentry", "pk": 23, "fields": {"action_time": "2025-08-21T19:37:25.847Z", "user": 1, "content_type": 11, "object_id": "9", "object_repr": "carta de One piece", "action_flag": 1, "change_message": "[{\"added\": {}}]"}}, {"model": "admin.logentry", "pk": 24, "fields": {"action_time": "2025-08-21T19:37:40.644Z", "user": 1, "content_type": 11, "object_id": "9", "object_repr": "carta de One piece", "action_flag": 3, "change_message": ""}}, {"model": "admin.logentry", "pk": 25, "fields": {"action_time": "2025-08-21T19:37:58.970Z", "user": 1, "content_type": 11, "object_id": "10", "object_repr": "carta de One piece", "action_flag": 1, "change_message": "[{\"added\": {}}]"}}, {"model": "admin.logentry", "pk": 26, "fields": {"action_time": "2025-08-21T19:38:05.634Z", "user": 1, "content_type": 11, "object_id": "11", "object_repr": "carta de One piece", "action_flag": 1, "change_message": "[{\"added\": {}}]"}}, {"model": "admin.logentry", "pk": 27, "fields": {"action_time": "2025-08-21T21:26:05.149Z", "user": 1, "content_type": 10, "object_id": "1", "object_repr": "Naruto", "action_flag": 2, "change_message": "[{\"changed\": {\"fields\": [\"Descricao\"]}}]"}}, {"model": "admin.logentry", "pk": 28, "fields": {"action_time": "2025-08-21T21:26:54.311Z", "user": 1, "content_type": 10, "object_id": "2", "object_repr": "One Piece", "action_flag": 2, "change_message": "[{\"changed\": {\"fields\": [\"Nome\", \"Descricao\"]}}]"}}, {"model": "admin.logentry", "pk": 29, "fields": {"action_time": "2025-08-21T21:33:08.514Z", "user": 1, "content_type": 8, "object_id": "3", "object_repr": "3 - Quem \u00da o protagonista de One Piece?", "action_flag": 1, "change_message": "[{\"added\": {}}]"}}, {"model": "admin.logentry", "pk": 30, "fields": {"action_time": "2025-08-21T21:33:39.717Z", "user": 1, "content_type": 9, "object_id": "7", "object_repr": "7 - Zoro", "action_flag": 1, "change_message": "[{\"added\": {}}]"}}, {"model": "admin.logentry", "pk": 31, "fields": {"action_time": "2025-08-21T21:33:50.705Z", "user": 1, "content_type": 9, "object_id": "8", "object_repr": "8 - Luffy", "action_flag": 1, "change_message": "[{\"added\": {}}]"}}, {"model": "admin.logentry", "pk": 32, "fields": {"action_time": "2025-08-21T21:33:56.891Z", "user": 1, "content_type": 9, "object_id": "9", "object_repr": "9 - Sanji", "action_flag": 1, "change_message": "[{\"added\": {}}]"}}, {"model": "admin.logentry", "pk": 33, "fields": {"action_time": "2025-08-21T21:35:04.223Z", "user": 1, "content_type": 10, "object_id": "3", "object_repr": "Demon Slayer", "action_flag": 1, "change_message": "[{\"added\": {}}]"}}, {"model": "admin.logentry", "pk": 34, "fields": {"action_time": "2025-08-21T21:44:53.994Z", "user": 1, "content_type": 10, "object_id": "2", "object_repr": "One Piece", "action_flag": 2, "change_message": "[{\"changed\": {\"fields\": [\"Descricao\", \"Capa img\", \"Fundo img\"]}}]"}}, {"model": "admin.logentry", "pk": 35, "fields": {"action_time": "2025-08-21T21:46:29.253Z", "user": 1, "content_type": 10, "object_id": "1", "object_repr": "Naruto", "action_flag": 2, "change_message": "[{\"changed\": {\"fields\": [\"Capa img\"]}}]"}}, {"model": "admin.logentry", "pk": 36, "fields": {"action_time": "2025-08-21T21:57:56.638Z", "user": 1, "content_type": 8, "object_id": "4", "object_repr": "4 - Qual \u00da o objetivo de Luffy ao embarcar na jornada?", "action_flag": 1, "change_message": "[{\"added\": {}}]"}}, {"model": "admin.logentry", "pk": 37, "fields": {"action_time": "2025-08-21T21:58:07.431Z", "user": 1, "content_type": 8, "object_id": "5", "object_repr": "5 - Qual \u00da o nome da tripula\u00fe\u00d2o de Luffy?", "action_flag": 1, "change_message": "[{\"added\": {}}]"}}, {"model": "admin.logentry", "pk": 38, "fields": {"action_time": "2025-08-21T21:58:23.256Z", "user": 1, "content_type": 8, "object_id": "6", "object_repr": "6 - Qual poder Luffy obt\u00dam ap\u00bes comer uma Fruta do Diabo?", "action_flag": 1, "change_message": "[{\"added\": {}}]"}}, {"model": "admin.logentry", "pk": 39, "fields": {"action_time": "2025-08-21T21:58:34.570Z", "user": 1, "content_type": 8, "object_id": "7", "object_repr": "7 - Quem \u00da o primeiro membro a se juntar a Luffy?", "action_flag": 1, "change_message": "[{\"added\": {}}]"}}, {"model": "admin.logentry", "pk": 40, "fields": {"action_time": "2025-08-21T21:58:49.512Z", "user": 1, "content_type": 8, "object_id": "8", "object_repr": "8 - Qual \u00da o nome do maior inimigo de Luffy no in\u00ddcio da s\u00darie?", "action_flag": 1, "change_message": "[{\"added\": {}}]"}}, {"model": "admin.logentry", "pk": 41, "fields": {"action_time": "2025-08-21T21:59:25.328Z", "user": 1, "content_type": 9, "object_id": "10", "object_repr": "10 - Encontrar um tesouro chamado \"One Piece\"", "action_flag": 1, "change_message": "[{\"added\": {}}]"}}, {"model": "admin.logentry", "pk": 42, "fields": {"action_time": "2025-08-21T21:59:43.219Z", "user": 1, "content_type": 9, "object_id": "11", "object_repr": "11 - Se tornar um samurai", "action_flag": 1, "change_message": "[{\"added\": {}}]"}}, {"model": "admin.logentry", "pk": 43, "fields": {"action_time": "2025-08-21T22:00:10.794Z", "user": 1, "content_type": 9, "object_id": "12", "object_repr": "12 - Derrotar o governo mundial", "action_flag": 1, "change_message": "[{\"added\": {}}]"}}, {"model": "admin.logentry", "pk": 44, "fields": {"action_time": "2025-08-21T22:00:25.039Z", "user": 1, "content_type": 9, "object_id": "13", "object_repr": "13 - Tripula\u00fe\u00d2o do Barba Branca", "action_flag": 1, "change_message": "[{\"added\": {}}]"}}, {"model": "admin.logentry", "pk": 45, "fields": {"action_time": "2025-08-21T22:00:37.634Z", "user": 1, "content_type": 9, "object_id": "14", "object_repr": "14 - Tripula\u00fe\u00d2o dos Chap\u00daus de Palha", "action_flag": 1, "change_message": "[{\"added\": {}}]"}}, {"model": "admin.logentry", "pk": 46, "fields": {"action_time": "2025-08-21T22:00:47.605Z", "user": 1, "content_type": 9, "object_id": "15", "object_repr": "15 - Tripula\u00fe\u00d2o do Drag\u00d2o", "action_flag": 1, "change_message": "[{\"added\": {}}]"}}, {"model": "admin.logentry", "pk": 47, "fields": {"action_time": "2025-08-21T22:01:01.498Z", "user": 1, "content_type": 9, "object_id": "16", "object_repr": "16 - Controle do fogo", "action_flag": 1, "change_message": "[{\"added\": {}}]"}}, {"model": "admin.logentry", "pk": 48, "fields": {"action_time": "2025-08-21T22:01:10.653Z", "user": 1, "content_type": 9, "object_id": "17", "object_repr": "17 - Transforma\u00fe\u00d2o em homem-espada", "action_flag": 1, "change_message": "[{\"added\": {}}]"}}, {"model": "admin.logentry", "pk": 49, "fields": {"action_time": "2025-08-21T22:01:19.119Z", "user": 1, "content_type": 9, "object_id": "18", "object_repr": "18 - Torna-se el\u00dfstico", "action_flag": 1, "change_message": "[{\"added\": {}}]"}}, {"model": "admin.logentry", "pk": 50, "fields": {"action_time": "2025-08-21T22:01:29.411Z", "user": 1, "content_type": 9, "object_id": "19", "object_repr": "19 - Nami", "action_flag": 1, "change_message": "[{\"added\": {}}]"}}, {"model": "admin.logentry", "pk": 51, "fields": {"action_time": "2025-08-21T22:01:43.840Z", "user": 1, "content_type": 9, "object_id": "20", "object_repr": "20 - Zoro", "action_flag": 1, "change_message": "[{\"added\": {}}]"}}, {"model": "admin.logentry", "pk": 52, "fields": {"action_time": "2025-08-21T22:01:51.883Z", "user": 1, "content_type": 9, "object_id": "21", "object_repr": "21 - Chopper", "action_flag": 1, "change_message": "[{\"added\": {}}]"}}, {"model": "admin.logentry", "pk": 53, "fields": {"action_time": "2025-08-21T22:02:06.792Z", "user": 1, "content_type": 9, "object_id": "22", "object_repr": "22 - Gol D. Roger", "action_flag": 1, "change_message": "[{\"added\": {}}]"}}, {"model": "admin.logentry", "pk": 54, "fields": {"action_time": "2025-08-21T22:02:13.790Z", "user": 1, "content_type": 9, "object_id": "23", "object_repr": "23 - Barba Negra", "action_flag": 1, "change_message": "[{\"added\": {}}]"}}, {"model": "admin.logentry", "pk": 55, "fields": {"action_time": "2025-08-21T22:02:23.675Z", "user": 1, "content_type": 9, "object_id": "24", "object_repr": "24 - Don Krieg", "action_flag": 1, "change_message": "[{\"added\": {}}]"}}, {"model": "admin.logentry", "pk": 56, "fields": {"action_time": "2025-08-21T22:59:24.092Z", "user": 1, "content_type": 7, "object_id": "4", "object_repr": "samuel0 -> One Piece -> F", "action_flag": 2, "change_message": "[]"}}, {"model": "auth.permission", "pk": 1, "fields": {"name": "Can add log entry", "content_type": 1, "codename": "add_logentry"}}, {"model": "auth.permission", "pk": 2, "fields": {"name": "Can change log entry", "content_type": 1, "codename": "change_logentry"}}, {"model": "auth.permission", "pk": 3, "fields": {"name": "Can delete log entry", "content_type": 1, "codename": "delete_logentry"}}, {"model": "auth.permission", "pk": 4, "fields": {"name": "Can view log entry", "content_type": 1, "codename": "view_logentry"}}, {"model": "auth.permission", "pk": 5, "fields": {"name": "Can add permission", "content_type": 2, "codename": "add_permission"}}, {"model": "auth.permission", "pk": 6, "fields": {"name": "Can change permission", "content_type": 2, "codename": "change_permission"}}, {"model": "auth.permission", "pk": 7, "fields": {"name": "Can delete permission", "content_type": 2, "codename": "delete_permission"}}, {"model": "auth.permission", "pk": 8, "fields": {"name": "Can view permission", "content_type": 2, "codename": "view_permission"}}, {"model": "auth.permission", "pk": 9, "fields": {"name": "Can add group", "content_type": 3, "codename": "add_group"}}, {"model": "auth.permission", "pk": 10, "fields": {"name": "Can change group", "content_type": 3, "codename": "change_group"}}, {"model": "auth.permission", "pk": 11, "fields": {"name": "Can delete group", "content_type": 3, "codename": "delete_group"}}, {"model": "auth.permission", "pk": 12, "fields": {"name": "Can view group", "content_type": 3, "codename": "view_group"}}, {"model": "auth.permission", "pk": 13, "fields": {"name": "Can add user", "content_type": 4, "codename": "add_user"}}, {"model": "auth.permission", "pk": 14, "fields": {"name": "Can change user", "content_type": 4, "codename": "change_user"}}, {"model": "auth.permission", "pk": 15, "fields": {"name": "Can delete user", "content_type": 4, "codename": "delete_user"}}, {"model": "auth.permission", "pk": 16, "fields": {"name": "Can view user", "content_type": 4, "codename": "view_user"}}, {"model": "auth.permission", "pk": 17, "fields": {"name": "Can add content type", "content_type": 5, "codename": "add_contenttype"}}, {"model": "auth.permission", "pk": 18, "fields": {"name": "Can change content type", "content_type": 5, "codename": "change_contenttype"}}, {"model": "auth.permission", "pk": 19, "fields": {"name": "Can delete content type", "content_type": 5, "codename": "delete_contenttype"}}, {"model": "auth.permission", "pk": 20, "fields": {"name": "Can view content type", "content_type": 5, "codename": "view_contenttype"}}, {"model": "auth.permission", "pk": 21, "fields": {"name": "Can add session", "content_type": 6, "codename": "add_session"}}, {"model": "auth.permission", "pk": 22, "fields": {"name": "Can change session", "content_type": 6, "codename": "change_session"}}, {"model": "auth.permission", "pk": 23, "fields": {"name": "Can delete session", "content_type": 6, "codename": "delete_session"}}, {"model": "auth.permission", "pk": 24, "fields": {"name": "Can view session", "content_type": 6, "codename": "view_session"}}, {"model": "auth.permission", "pk": 25, "fields": {"name": "Can add jogo", "content_type": 7, "codename": "add_jogo"}}, {"model": "auth.permission", "pk": 26, "fields": {"name": "Can change jogo", "content_type": 7, "codename": "change_jogo"}}, {"model": "auth.permission", "pk": 27, "fields": {"name": "Can delete jogo", "content_type": 7, "codename": "delete_jogo"}}, {"model": "auth.permission", "pk": 28, "fields": {"name": "Can view jogo", "content_type": 7, "codename": "view_jogo"}}, {"model": "auth.permission", "pk": 29, "fields": {"name": "Can add questao", "content_type": 8, "codename": "add_questao"}}, {"model": "auth.permission", "pk": 30, "fields": {"name": "Can change questao", "content_type": 8, "codename": "change_questao"}}, {"model": "auth.permission", "pk": 31, "fields": {"name": "Can delete questao", "content_type": 8, "codename": "delete_questao"}}, {"model": "auth.permission", "pk": 32, "fields": {"name": "Can view questao", "content_type": 8, "codename": "view_questao"}}, {"model": "auth.permission", "pk": 33, "fields": {"name": "Can add resposta", "content_type": 9, "codename": "add_resposta"}}, {"model": "auth.permission", "pk": 34, "fields": {"name": "Can change resposta", "content_type": 9, "codename": "change_resposta"}}, {"model": "auth.permission", "pk": 35, "fields": {"name": "Can delete resposta", "content_type": 9, "codename": "delete_resposta"}}, {"model": "auth.permission", "pk": 36, "fields": {"name": "Can view resposta", "content_type": 9, "codename": "view_resposta"}}, {"model": "auth.permission", "pk": 37, "fields": {"name": "Can add anime", "content_type": 10, "codename": "add_anime"}}, {"model": "auth.permission", "pk": 38, "fields": {"name": "Can change anime", "content_type": 10, "codename": "change_anime"}}, {"model": "auth.permission", "pk": 39, "fields": {"name": "Can delete anime", "content_type": 10, "codename": "delete_anime"}}, {"model": "auth.permission", "pk": 40, "fields": {"name": "Can view anime", "content_type": 10, "codename": "view_anime"}}, {"model": "auth.permission", "pk": 41, "fields": {"name": "Can add carta", "content_type": 11, "codename": "add_carta"}}, {"model": "auth.permission", "pk": 42, "fields": {"name": "Can change carta", "content_type": 11, "codename": "change_carta"}}, {"model": "auth.permission", "pk": 43, "fields": {"name": "Can delete carta", "content_type": 11, "codename": "delete_carta"}}, {"model": "auth.permission", "pk": 44, "fields": {"name": "Can view carta", "content_type": 11, "codename": "view_carta"}}, {"model": "auth.permission", "pk": 45, "fields": {"name": "Can add user", "content_type": 12, "codename": "add_user"}}, {"model": "auth.permission", "pk": 46, "fields": {"name": "Can change user", "content_type": 12, "codename": "change_user"}}, {"model": "auth.permission", "pk": 47, "fields": {"name": "Can delete user", "content_type": 12, "codename": "delete_user"}}, {"model": "auth.permission", "pk": 48, "fields": {"name": "Can view user", "content_type": 12, "codename": "view_user"}}, {"model": "auth.user", "pk": 1, "fields": {"password": "pbkdf2_sha256$1000000$tRSuGLItGG9AXsp2w20sZj$x1FXyu8pqsx+Jr5Iogmxtc5aIR9TXMQ61wEPRAlOv1A=", "last_login": "2025-08-21T21:25:29.787Z", "is_superuser": true, "username": "admin", "first_name": "", "last_name": "", "email": "admin@admin.com", "is_staff": true, "is_active": true, "date_joined": "2025-08-19T17:27:01.725Z", "groups": [], "user_permissions": []}}, {"model": "contenttypes.contenttype", "pk": 1, "fields": {"app_label": "admin", "model": "logentry"}}, {"model": "contenttypes.contenttype", "pk": 2, "fields": {"app_label": "auth", "model": "permission"}}, {"model": "contenttypes.contenttype", "pk": 3, "fields": {"app_label": "auth", "model": "group"}}, {"model": "contenttypes.contenttype", "pk": 4, "fields": {"app_label": "auth", "model": "user"}}, {"model": "contenttypes.contenttype", "pk": 5, "fields": {"app_label": "contenttypes", "model": "contenttype"}}, {"model": "contenttypes.contenttype", "pk": 6, "fields": {"app_label": "sessions", "model": "session"}}, {"model": "contenttypes.contenttype", "pk": 7, "fields": {"app_label": "jogo", "model": "jogo"}}, {"model": "contenttypes.contenttype", "pk": 8, "fields": {"app_label": "jogo", "model": "questao"}}, {"model": "contenttypes.contenttype", "pk": 9, "fields": {"app_label": "jogo", "model": "resposta"}}, {"model": "contenttypes.contenttype", "pk": 10, "fields": {"app_label": "temas", "model": "anime"}}, {"model": "contenttypes.contenttype", "pk": 11, "fields": {"app_label": "temas", "model": "carta"}}, {"model": "contenttypes.contenttype", "pk": 12, "fields": {"app_label": "users", "model": "user"}}, {"model": "sessions.session", "pk": "4nodbzqbjvzg92odbxrsy70cuyessapd", "fields": {"session_data": ".eJxVjEsOwiAUAO_CuiGlfB516d4zEB48pGogKe3KeHcl6cJuZybzZs7vW3Z7o9UtkV2YYMM_Qx-eVLqID1_ulYdatnVB3hN-2MZvNdLrerSnQfYt961IkwShNClrcQxoQFs9WUACAJTCJKNgNukHlfEzpTFFAI2SKESl2ecLtRw3OQ:1uomJm:d8qM7Ym-fm3vIwTpfyFmtISrzw4nFx72bfYq00JMd10", "expire_date": "2025-09-03T17:09:46.595Z"}}, {"model": "sessions.session", "pk": "65lz42vtnuh64hvmnx2n9zrjajjzfbgz", "fields": {"session_data": ".eJxVjEsOwiAUAO_CuiGlfB516d4zEB48pGogKe3KeHcl6cJuZybzZs7vW3Z7o9UtkV2YYMM_Qx-eVLqID1_ulYdatnVB3hN-2MZvNdLrerSnQfYt961IkwShNClrcQxoQFs9WUACAJTCJKNgNukHlfEzpTFFAI2SKESl2ecLtRw3OQ:1uoQVq:vKCg6SV-ukF8xKmnioYL0dZ5pjsmUUWhisQF8Eo8WoI", "expire_date": "2025-09-02T17:52:46.234Z"}}, {"model": "sessions.session", "pk": "9xcncaf2zq90nu4nn3vwu2dj3fb045s3", "fields": {"session_data": ".eJxVjEsOwiAUAO_CuiGlfB516d4zEB48pGogKe3KeHcl6cJuZybzZs7vW3Z7o9UtkV2YYMM_Qx-eVLqID1_ulYdatnVB3hN-2MZvNdLrerSnQfYt961IkwShNClrcQxoQFs9WUACAJTCJKNgNukHlfEzpTFFAI2SKESl2ecLtRw3OQ:1uomKw:STDIzDyG8SghpJ3nL0JYndMKgiCgmOpBt4lXkxvdDR4", "expire_date": "2025-09-03T17:10:58.733Z"}}, {"model": "sessions.session", "pk": "czm25rkoowve6qpyh163g2sg99df3roc", "fields": {"session_data": ".eJxVjEsOwiAUAO_CuiGlfB516d4zEB48pGogKe3KeHcl6cJuZybzZs7vW3Z7o9UtkV2YYMM_Qx-eVLqID1_ulYdatnVB3hN-2MZvNdLrerSnQfYt961IkwShNClrcQxoQFs9WUACAJTCJKNgNukHlfEzpTFFAI2SKESl2ecLtRw3OQ:1upCmn:VJklGIBEOrURTLT9kVzKN6Y927hszPpYc79IdeP9f48", "expire_date": "2025-09-04T21:25:29.791Z"}}, {"model": "sessions.session", "pk": "ffduvhjoq3it7tmdo3yopqfp8sdaf510", "fields": {"session_data": ".eJxVjEsOwiAUAO_CuiGlfB516d4zEB48pGogKe3KeHcl6cJuZybzZs7vW3Z7o9UtkV2YYMM_Qx-eVLqID1_ulYdatnVB3hN-2MZvNdLrerSnQfYt961IkwShNClrcQxoQFs9WUACAJTCJKNgNukHlfEzpTFFAI2SKESl2ecLtRw3OQ:1upCmN:5ycZ86dn3J8EhsFuwi7HanOnKH9_NjJ_IoOJj7VHB54", "expire_date": "2025-09-04T21:25:03.134Z"}}, {"model": "sessions.session", "pk": "g56oi3bttus4t88nof54zwxn50s8sn1n", "fields": {"session_data": ".eJxVjEsOwiAUAO_CuiGlfB516d4zEB48pGogKe3KeHcl6cJuZybzZs7vW3Z7o9UtkV2YYMM_Qx-eVLqID1_ulYdatnVB3hN-2MZvNdLrerSnQfYt961IkwShNClrcQxoQFs9WUACAJTCJKNgNukHlfEzpTFFAI2SKESl2ecLtRw3OQ:1uoQ73:VReP8c_lkwXGbxfPEvJTYKwFwMkwy69MCRsS9Ejnjpk", "expire_date": "2025-09-02T17:27:09.869Z"}}, {"model": "sessions.session", "pk": "jw00gwt8pcpx4zb30dgokfq5afo8lvbc", "fields": {"session_data": ".eJxVjEsOwiAUAO_CuiGlfB516d4zEB48pGogKe3KeHcl6cJuZybzZs7vW3Z7o9UtkV2YYMM_Qx-eVLqID1_ulYdatnVB3hN-2MZvNdLrerSnQfYt961IkwShNClrcQxoQFs9WUACAJTCJKNgNukHlfEzpTFFAI2SKESl2ecLtRw3OQ:1upB68:ocMYnTTo3fa2PV-HfPzSGXd0hlewZzcxhyFyUSUuW0o", "expire_date": "2025-09-04T19:37:20.848Z"}}, {"model": "sessions.session", "pk": "vdkfzpvc5hijtau9nywxjq7fkp09vhfm", "fields": {"session_data": ".eJxVjEsOwiAUAO_CuiGlfB516d4zEB48pGogKe3KeHcl6cJuZybzZs7vW3Z7o9UtkV2YYMM_Qx-eVLqID1_ulYdatnVB3hN-2MZvNdLrerSnQfYt961IkwShNClrcQxoQFs9WUACAJTCJKNgNukHlfEzpTFFAI2SKESl2ecLtRw3OQ:1upAj2:p8s8bhdiRpzmemOHS_mIZ7Z2kB2WohtBalOAvR88NvM", "expire_date": "2025-09-04T19:13:28.862Z"}}, {"model": "jogo.jogo", "pk": 1, "fields": {"usuario": 1, "anime": 1, "qtd_jogadas": 20, "qtd_quiz": 4, "tempo": 60, "dificuldade": "F"}}, {"model": "jogo.jogo", "pk": 2, "fields": {"usuario": 1, "anime": 1, "qtd_jogadas": 32, "qtd_quiz": 5, "tempo": 120, "dificuldade": "F"}}, {"model": "jogo.jogo", "pk": 3, "fields": {"usuario": 2, "anime": 2, "qtd_jogadas": 20, "qtd_quiz": 6, "tempo": 200, "dificuldade": "D"}}, {"model": "jogo.jogo", "pk": 4, "fields": {"usuario": 1, "anime": 2, "qtd_jogadas": 17, "qtd_quiz": 5, "tempo": 85, "dificuldade": "F"}}, {"model": "jogo.jogo", "pk": 5, "fields": {"usuario": 1, "anime": 2, "qtd_jogadas": 23, "qtd_quiz": 5, "tempo": 144, "dificuldade": "F"}}, {"model": "jogo.questao", "pk": 1, "fields": {"anime": 2, "pergunta": "Qual o nome do navio principal dos Chap\u00daus de Palha ap\u00bes o Going Merry?", "dificuldade": "F"}}, {"model": "jogo.questao", "pk": 2, "fields": {"anime": 2, "pergunta": "Quem foi o primeiro membro a se juntar \u00d3 tripula\u00fe\u00d2o de Luffy?", "dificuldade": "F"}}, {"model": "jogo.questao", "pk": 3, "fields": {"anime": 2, "pergunta": "Quem \u00da o protagonista de One Piece?", "dificuldade": "F"}}, {"model": "jogo.questao", "pk": 4, "fields": {"anime": 2, "pergunta": "Qual \u00da o objetivo de Luffy ao embarcar na jornada?", "dificuldade": "F"}}, {"model": "jogo.questao", "pk": 5, "fields": {"anime": 2, "pergunta": "Qual \u00da o nome da tripula\u00fe\u00d2o de Luffy?", "dificuldade": "F"}}, {"model": "jogo.questao", "pk": 6, "fields": {"anime": 2, "pergunta": "Qual poder Luffy obt\u00dam ap\u00bes comer uma Fruta do Diabo?", "dificuldade": "F"}}, {"model": "jogo.questao", "pk": 7, "fields": {"anime": 2, "pergunta": "Quem \u00da o primeiro membro a se juntar a Luffy?", "dificuldade": "F"}}, {"model": "jogo.questao", "pk": 8, "fields": {"anime": 2, "pergunta": "Qual \u00da o nome do maior inimigo de Luffy no in\u00ddcio da s\u00darie?", "dificuldade": "F"}}, {"model": "jogo.resposta", "pk": 1, "fields": {"questao": 1, "descricao": "Thousand Sunny", "is_correct": true}}, {"model": "jogo.resposta", "pk": 2, "fields": {"questao": 1, "descricao": "Oro Jackson", "is_correct": false}}, {"model": "jogo.resposta", "pk": 3, "fields": {"questao": 1, "descricao": "Red Force", "is_correct": false}}, {"model": "jogo.resposta", "pk": 4, "fields": {"questao": 2, "descricao": "Zoro", "is_correct": true}}, {"model": "jogo.resposta", "pk": 5, "fields": {"questao": 2, "descricao": "Sanji", "is_correct": false}}, {"model": "jogo.resposta", "pk": 6, "fields": {"questao": 2, "descricao": "Usopp", "is_correct": false}}, {"model": "jogo.resposta", "pk": 7, "fields": {"questao": 3, "descricao": "Zoro", "is_correct": false}}, {"model": "jogo.resposta", "pk": 8, "fields": {"questao": 3, "descricao": "Luffy", "is_correct": true}}, {"model": "jogo.resposta", "pk": 9, "fields": {"questao": 3, "descricao": "Sanji", "is_correct": false}}, {"model": "jogo.resposta", "pk": 10, "fields": {"questao": 4, "descricao": "Encontrar um tesouro chamado \"One Piece\"", "is_correct": true}}, {"model": "jogo.resposta", "pk": 11, "fields": {"questao": 4, "descricao": "Se tornar um samurai", "is_correct": false}}, {"model": "jogo.resposta", "pk": 12, "fields": {"questao": 4, "descricao": "Derrotar o governo mundial", "is_correct": false}}, {"model": "jogo.resposta", "pk": 13, "fields": {"questao": 5, "descricao": "Tripula\u00fe\u00d2o do Barba Branca", "is_correct": false}}, {"model": "jogo.resposta", "pk": 14, "fields": {"questao": 5, "descricao": "Tripula\u00fe\u00d2o dos Chap\u00daus de Palha", "is_correct": true}}, {"model": "jogo.resposta", "pk": 15, "fields": {"questao": 5, "descricao": "Tripula\u00fe\u00d2o do Drag\u00d2o", "is_correct": false}}, {"model": "jogo.resposta", "pk": 16, "fields": {"questao": 6, "descricao": "Controle do fogo", "is_correct": false}}, {"model": "jogo.resposta", "pk": 17, "fields": {"questao": 6, "descricao": "Transforma\u00fe\u00d2o em homem-espada", "is_correct": false}}, {"model": "jogo.resposta", "pk": 18, "fields": {"questao": 6, "descricao": "Torna-se el\u00dfstico", "is_correct": true}}, {"model": "jogo.resposta", "pk": 19, "fields": {"questao": 7, "descricao": "Nami", "is_correct": false}}, {"model": "jogo.resposta", "pk": 20, "fields": {"questao": 7, "descricao": "Zoro", "is_correct": true}}, {"model": "jogo.resposta", "pk": 21, "fields": {"questao": 7, "descricao": "Chopper", "is_correct": false}}, {"model": "jogo.resposta", "pk": 22, "fields": {"questao": 8, "descricao": "Gol D. Roger", "is_correct": false}}, {"model": "jogo.resposta", "pk": 23, "fields": {"questao": 8, "descricao": "Barba Negra", "is_correct": false}}, {"model": "jogo.resposta", "pk": 24, "fields": {"questao": 8, "descricao": "Don Krieg", "is_correct": true}}, {"model": "temas.anime", "pk": 1, "fields": {"nome": "Naruto", "descricao": "Naruto Uzumaki \u00da um jovem ninja que busca o reconhecimento e sonha em se tornar o Hokage da Vila Oculta da Folha. Em sua jornada, ele enfrenta inimigos poderosos e faz alian\u00feas com outros ninjas, enquanto lida com o poder de Kurama, a raposa de nove caudas selada dentro de si.", "capa_img": "capas/MV5BNTk3MDA1ZjAtNTRhYS00YzNiLTgwOGEtYWRmYTQ3NjA0NTAwXkEyXkFqcGc._V1_FMjpg_UX1000_.jpg", "fundo_img": "fundos/img10.png"}}, {"model": "temas.anime", "pk": 2, "fields": {"nome": "One Piece", "descricao": "One Piece segue as aventuras de Monkey D. Luffy, um jovem que sonha em se tornar o Rei dos Piratas, navegando pelos mares em busca do lend\u00dfrio tesouro conhecido como \"One Piece\".", "capa_img": "capas/imagem-2023-10-16-100425798.webp", "fundo_img": "fundos/GRMG8ZQZR-backdrop_wide.avif"}}, {"model": "temas.anime", "pk": 3, "fields": {"nome": "Demon Slayer", "descricao": "", "capa_img": "capas/1097651.jpg", "fundo_img": "fundos/81nuH-RLMNL._AC_SL1500_.jpg"}}, {"model": "temas.carta", "pk": 1, "fields": {"anime": 2, "carta_img": "cartas/1_1.jpg"}}, {"model": "temas.carta", "pk": 2, "fields": {"anime": 2, "carta_img": "cartas/1_2.jpg"}}, {"model": "temas.carta", "pk": 3, "fields": {"anime": 2, "carta_img": "cartas/1_3.jpg"}}, {"model": "temas.carta", "pk": 4, "fields": {"anime": 2, "carta_img": "cartas/1_4.jpg"}}, {"model": "temas.carta", "pk": 5, "fields": {"anime": 2, "carta_img": "cartas/1_5.jpg"}}, {"model": "temas.carta", "pk": 6, "fields": {"anime": 2, "carta_img": "cartas/1_6.jpg"}}, {"model": "temas.carta", "pk": 7, "fields": {"anime": 2, "carta_img": "cartas/1_7.jpg"}}, {"model": "temas.carta", "pk": 8, "fields": {"anime": 2, "carta_img": "cartas/1_8.jpg"}}, {"model": "temas.carta", "pk": 10, "fields": {"anime": 2, "carta_img": "cartas/1_9.jpg"}}, {"model": "temas.carta", "pk": 11, "fields": {"anime": 2, "carta_img": "cartas/1_12.jpg"}}, {"model": "users.user", "pk": 1, "fields": {"username": "samuel0", "telefone": "86999999999"}}, {"model": "users.user", "pk": 2, "fields": {"username": "samuel1", "telefone": "86999785427"}}, {"model": "users.user", "pk": 3, "fields": {"username": "samuel2", "telefone": "86999785427"}}]